index,state_year,R1M20,R1M40,R1M60,R1M80,R1F20,R1F40,R1F60,R1F80,R2M20,R2M40,R2M60,R2M80,R2F20,R2F40,R2F60,R2F80,R3M20,R3M40,R3M60,R3M80,R3F20,R3F40,R3F60,R3F80,R4M20,R4M40,R4M60,R4M80,R4F20,R4F40,R4F60,R4F80,R5M20,R5M40,R5M60,R5M80,R5F20,R5F40,R5F60,R5F80,R6M20,R6M40,R6M60,R6M80,R6F20,R6F40,R6F60,R6F80
0,AL-2006,1634192,1681546,1902236,1097066,839878,852748,944000,505826,792558,689732,641810,250872,400146,317058,292576,104922,16652,17574,17192,5312,8530,9272,8464,2648,24610,35500,23972,7348,12360,17984,10424,2974,2596,3352,1140,286,1370,2076,614,150,48738,24222,21046,8478,24720,11810,9978,3914
1,AL-2007,1644160,1685652,1895946,1134122,844694,854694,941348,525190,792930,696852,649640,259446,400368,320258,295674,109508,17260,18202,17380,5854,8796,9556,8490,2934,26114,37148,24870,8098,13128,18694,10868,3308,2918,3522,1190,320,1554,2174,646,156,52616,25454,21600,8926,26580,12340,10366,4094
2,AL-2008,1653084,1690422,1893510,1166318,848486,857176,940474,541948,794374,704742,656500,270030,401202,324274,298290,114756,18000,18802,17528,6416,9158,9956,8626,3262,27524,37878,26446,8760,13796,18878,11712,3510,3232,3986,1300,332,1696,2492,700,178,57000,26962,22220,9350,28624,13036,10768,4318
3,AL-2009,1652450,1695584,1896204,1197498,847940,860220,943498,557932,793232,712768,661030,280428,400508,328604,301068,120162,18964,19326,17756,6872,9652,10232,8706,3526,28854,40214,27998,9586,14478,20056,12590,3884,3476,4308,1418,352,1824,2650,760,184,60942,28730,22800,9872,30632,13870,11062,4556
4,AK-2006,245744,264490,316168,96380,127538,140562,168022,51218,15766,16228,11988,2742,8070,9118,6554,1388,81072,56340,50124,17286,41768,28882,24908,8152,18630,19674,20464,6832,9510,9328,9148,2738,5016,4000,2088,430,2562,2036,1084,196,45508,20272,12318,2876,23260,9970,6008,1400
5,AK-2007,242750,266090,312588,103968,126108,141882,166000,55480,15416,16492,12332,2930,7984,9442,6742,1472,80068,56516,50760,17812,41264,28914,25224,8374,18928,20080,20830,7388,9656,9528,9262,2946,5134,4394,2258,516,2636,2218,1166,274,46994,21852,12648,3080,24080,10804,6104,1490
6,AK-2008,239210,268952,311084,110688,124098,144990,165116,59258,15396,16748,12360,2984,8004,9824,6864,1492,79156,57586,51098,18456,40920,29512,25476,8714,19762,20632,21780,7800,10106,9744,9722,3186,5628,4552,2400,558,2900,2334,1234,266,48926,23294,12940,3324,25124,11606,6208,1652
7,AK-2009,241040,266328,312856,118656,124860,140708,165898,63614,15454,15826,12994,3250,8022,8760,7194,1660,78880,58922,51824,19224,40862,30028,25878,9072,21724,21616,22660,8352,11094,10302,10112,3420,6060,4982,2660,640,3046,2480,1356,296,51558,24618,13494,3648,26550,12018,6590,1778
8,AZ-2006,2859500,2810402,2738942,1602694,1468636,1449428,1347756,761108,164360,150918,113660,36786,85106,81600,59962,17624,247678,184310,132644,44958,125166,93054,62894,19860,82690,118058,79452,28560,41572,57138,34472,11350,9302,10112,5476,1580,4896,5580,2986,790,127140,63636,34930,11864,64908,31088,16814,5696
9,AZ-2007,2908886,2841786,2768660,1671344,1492430,1463510,1363098,794480,173804,159918,120592,39404,89854,86342,63532,18960,251082,190486,137358,47340,126884,96560,65236,21060,89050,125408,85040,31354,44820,60442,37142,12492,10046,10818,5930,1766,5248,6058,3210,892,137338,68632,36924,12880,69962,33650,17796,6168
10,AZ-2008,2939894,2852300,2788944,1741556,1507366,1465820,1373438,828476,183232,168652,126676,42468,94784,91150,66628,20462,254238,196714,141596,50328,128426,100002,67258,22420,94492,129804,90644,34198,47700,62662,39826,13648,10458,11366,6388,1946,5466,6274,3504,994,147326,73878,38966,13810,74698,36278,18708,6552
11,AZ-2009,2926534,2837718,2801248,1807390,1498438,1454898,1380412,860150,190018,175126,132254,45336,98500,94536,69150,21948,253976,201616,144986,52816,128224,102538,69180,23618,98022,132376,95502,36842,49430,64012,42042,14638,10702,11698,6834,2038,5644,6450,3782,1036,156516,78416,41066,14894,79416,38392,19724,7040
12,AR-2006,1170316,1176202,1268178,763000,602214,598324,629432,356790,308450,251758,221668,80046,155788,118618,103544,34048,14090,13748,12888,4136,7166,6948,6264,2058,17876,24198,15256,4504,8754,11870,6628,1844,4080,3602,1282,282,2064,1908,608,144,38480,18322,15808,6896,19484,8860,7774,3116
13,AR-2007,1179592,1180062,1265414,789276,606888,600260,628164,370108,306868,253066,223970,82526,155168,119426,104378,35500,14686,14210,13400,4450,7500,7214,6412,2236,18938,25098,16216,4908,9344,12164,7148,2034,4486,3848,1370,306,2346,2066,688,146,41424,19324,15954,7302,21026,9264,7824,3302
14,AR-2008,1186152,1184656,1264092,811312,609548,602280,628150,381526,306464,254906,226874,86422,154768,120814,105442,37358,15540,14582,13562,4660,7872,7436,6526,2374,19742,26150,16856,5214,9788,12768,7386,2166,4908,4212,1466,334,2528,2232,766,172,44384,20330,16130,7680,22386,9808,7848,3476
15,AR-2009,1189722,1186176,1264264,830976,611192,602198,628836,391138,305700,257908,228404,89482,154192,122462,106244,39384,15962,14960,13820,4956,8180,7658,6626,2480,20846,27734,17690,5662,10254,13466,7904,2390,5426,4800,1634,380,2786,2570,796,196,47346,21526,16440,8010,23884,10338,7994,3654
16,CA-2006,15550936,15596248,14862522,6605680,7987486,8108694,7471214,3073714,1536436,1408860,1337688,496230,783562,707418,653904,221626,348386,333178,253728,73700,177358,173846,126260,34914,2272442,2967846,2634222,1107062,1167740,1428148,1216710,487958,110588,112016,79636,24120,56700,56208,39044,11266,1033860,591302,367452,110748,524304,285710,175538,50706
17,CA-2007,15457054,15520560,14809464,6862268,7936138,8069426,7447310,3206406,1517140,1405854,1346660,511818,774050,707742,660568,228588,362576,348112,265750,79866,185270,182098,132442,37916,2306300,3014434,2703796,1167630,1184968,1448950,1246970,515100,112092,114228,82474,25354,57426,57508,40330,11816,1082944,624832,382284,119280,549700,302474,183104,54674
18,CA-2008,15412650,15511394,14863388,7089340,7910740,8058358,7478136,3324356,1505164,1411834,1357324,529468,768096,711236,667386,237652,380124,365076,279682,86368,193974,191274,139766,41214,2347036,3059880,2777716,1236504,1205556,1470314,1278920,546198,113510,116868,85310,26948,58128,58882,41480,12616,1138852,661496,399358,127412,578346,320470,191566,58328
19,CA-2009,15315576,15518604,14935156,7337086,7857912,8056446,7516840,3448454,1493154,1422922,1367214,552484,762034,717090,673922,247952,406460,384132,294478,93470,207588,201810,147936,44336,2377052,3095694,2848102,1310384,1220134,1486754,1309830,579618,115140,119126,87962,28738,58828,60098,42630,13494,1194738,700164,418950,136330,606994,339468,201506,62346
20,CO-2006,2259640,2408900,2503466,1027096,1163762,1250026,1249494,486960,127774,121698,104162,32466,65344,65954,55782,15350,41320,43332,33474,8654,20818,22734,17072,4220,69416,93936,64654,22186,33622,44756,28150,9036,4892,5376,3168,778,2468,2886,1614,388,108060,57400,33432,8542,54654,27846,16160,3924
21,CO-2007,2280920,2434746,2512758,1092814,1174208,1260758,1253464,520712,130222,123140,106796,34008,66760,66516,57380,16094,43156,44976,34966,9526,21806,23340,17858,4668,71642,95498,67746,23882,34590,45040,29548,9730,5248,5494,3340,814,2600,2934,1706,412,115702,61496,34942,9270,58608,29796,16840,4252
22,CO-2008,2299868,2465442,2527738,1150314,1183938,1276518,1260052,550004,133312,125964,109554,35806,68552,68278,58920,17138,46230,47028,36770,10398,23202,24672,18758,5158,74122,96852,70912,25598,35798,45480,30902,10482,5578,5678,3492,904,2756,2936,1816,438,123062,65756,36688,10048,62408,31894,17720,4656
23,CO-2009,2314436,2485194,2546506,1210858,1191794,1284464,1269618,580080,136354,128982,112238,37988,70132,70260,60468,18142,49164,48174,38834,11464,25006,25040,19820,5752,76820,98524,74396,27408,36982,46132,32658,11282,5746,6080,3616,1034,2854,3304,1886,488,131100,69848,38574,10816,66330,33936,18622,4916
24,CT-2006,1481068,1386986,1854818,885398,761174,697118,909056,406490,248040,220456,188280,68556,126546,105490,86558,28652,9528,9084,7274,2066,4874,4782,3694,954,68346,95010,60206,17764,33932,46544,29294,8432,1958,2252,1510,280,954,1276,866,120,61268,29400,18140,5166,30738,14152,8690,2288
25,CT-2007,1463952,1373124,1842382,916934,752686,691004,903568,422242,249588,222240,192618,71212,127786,106388,88674,29836,9820,9566,7576,2176,5022,4950,3766,1042,70970,97868,63084,19258,35316,47936,30642,9094,2012,2288,1654,328,974,1324,938,142,64768,31150,18884,5552,32492,14874,9000,2496
26,CT-2008,1448548,1367244,1843234,939702,744400,688422,904456,433970,250412,224844,197440,74114,128532,107652,90820,31024,10240,9908,7840,2374,5180,5196,3880,1084,73718,100800,66394,20666,36528,49252,32144,9742,2014,2414,1788,310,1010,1364,986,130,68602,33072,19838,5874,34482,15754,9446,2666
27,CT-2009,1428590,1361588,1843922,962588,734166,686872,903854,446250,252720,228182,202130,77278,129364,109454,93226,32180,10634,10316,8306,2492,5510,5400,4134,1160,76452,102966,69622,22150,37792,50028,33558,10372,2090,2450,1840,354,994,1366,1062,176,72430,34948,20698,6314,36394,16688,9844,2822
28,DE-2006,303828,319240,374050,215936,155172,160058,182940,100666,120716,103706,95994,35112,61114,48940,43578,15364,2966,3108,2384,896,1476,1602,1214,454,13232,19124,12290,4602,6834,9370,5672,2114,350,522,202,58,168,296,102,26,17820,7068,4190,1458,8856,3206,1878,654
29,DE-2007,303278,317770,374242,225334,154808,159798,182920,105462,123266,105412,99324,37308,62278,49684,44870,16324,3106,3396,2420,926,1534,1768,1232,474,14226,20172,12906,5046,7282,9954,5948,2288,400,498,236,60,186,266,100,26,19282,7532,4332,1530,9434,3410,1926,684
30,DE-2008,302506,316936,373994,234724,154556,159686,182698,109788,125434,106784,102388,39656,63518,50576,46274,17370,3356,3566,2526,1028,1680,1804,1308,526,15046,20760,13594,5432,7574,10304,6292,2428,410,542,214,64,194,312,110,28,20784,8154,4688,1678,10106,3680,2112,776
31,DE-2009,299808,316280,374000,240578,152978,159054,182962,112412,126614,107396,104970,41690,64086,50938,47414,18140,3580,3772,2736,1008,1802,1942,1450,500,15526,21416,14124,5862,7792,10576,6606,2604,474,554,224,72,250,296,98,28,22616,8730,4910,1778,11076,3932,2170,802
32,District of Columbia-2006,66176,208092,101288,47370,32706,103920,54022,23652,173538,166564,182612,90712,86182,75162,84036,36908,1206,2186,1450,526,588,1178,748,246,5260,21514,7306,2904,2406,9354,3130,1132,348,612,254,86,190,350,108,36,7164,9122,4300,1570,3490,4028,1994,612
33,District of Columbia-2007,66514,218960,101368,50300,32950,108610,54506,24904,169702,165236,179666,90926,84346,75012,82456,37168,1342,2296,1454,586,668,1218,744,264,5362,20362,7396,3032,2474,8916,3242,1198,330,646,262,82,184,352,112,36,7652,9728,4354,1668,3736,4342,2016,664
34,District of Columbia-2008,67752,227954,102470,52364,33456,112394,55222,25964,166854,163148,176928,91478,83066,73622,81840,37314,1402,2396,1530,614,680,1262,772,282,5308,23710,7428,3286,2416,10004,3162,1276,358,672,288,90,190,384,128,38,8060,10458,4836,1714,4012,4614,2212,676
35,District of Columbia-2009,70654,244512,103740,54634,34944,119628,56600,26694,163718,165322,174910,92364,81404,74994,81072,37964,1502,2754,1684,624,720,1436,858,284,5620,22814,8090,3402,2598,10458,3456,1334,388,754,314,92,212,366,142,40,8616,11574,4882,1844,4282,5176,2256,696
36,FL-2006,6458908,7043432,8332628,5566598,3324466,3598682,4093666,2599488,1998316,1717096,1446372,539232,1013240,824984,680524,236670,50156,50714,45456,14382,25924,27798,23092,7278,211840,290404,235932,87108,106536,136578,103026,37952,10572,12240,8028,2100,5420,6522,3916,968,261362,137700,97822,35578,132294,66690,46464,16258
37,FL-2007,6466710,7067026,8337322,5716036,3327382,3614846,4098554,2673690,2012156,1746020,1482040,564188,1020342,841038,698316,248028,51504,52600,46496,15552,26470,28968,23696,7878,220122,299490,246738,94536,110648,140534,108114,41336,11172,12866,8352,2246,5748,6980,4054,1038,279362,146060,101886,37934,140962,70726,48168,17486
38,FL-2008,6443420,7051796,8330762,5871208,3313218,3603504,4095058,2749018,2024430,1771662,1513476,592674,1027116,853330,713266,261402,51934,53666,47740,16736,26624,29580,24404,8394,226628,304230,256890,102612,113920,142338,112958,44732,11486,13140,8644,2476,5882,6998,4106,1150,297358,154670,105746,40334,149966,74464,49976,18564
39,FL-2009,6399340,7023456,8339210,6006274,3287622,3586194,4099936,2813828,2019246,1799268,1541140,619924,1025046,866808,727290,273358,51918,54682,48714,17706,26708,30240,24892,8848,230784,307620,265698,110566,116032,143502,117084,47972,11472,13626,8962,2686,5918,7368,4302,1256,314534,163210,109940,42590,158684,78330,51780,19660
40,GA-2006,3161254,3344090,3422478,1622396,1628598,1729968,1709440,756100,1862052,1680796,1440200,451916,940486,782974,658350,187872,25004,27672,18770,4674,13072,15312,9244,2422,151954,204154,139968,40936,77750,99066,66224,18916,5766,7116,3004,612,3022,4010,1636,324,133154,65686,39690,12330,67132,30824,18598,5510
41,GA-2007,3210542,3346646,3437566,1712386,1653348,1722604,1716300,801796,1906620,1713528,1493542,482210,962978,794690,681352,201228,26592,29324,19920,5194,14078,16268,9998,2720,162228,211990,149494,45338,83124,102254,70804,20944,6166,7430,3226,704,3228,4172,1734,374,145950,71502,42088,13564,73386,33238,19674,6040
42,GA-2008,3227460,3349260,3451182,1788010,1661172,1723358,1723106,840048,1934084,1744080,1535622,512986,976522,810130,701080,215510,29308,30966,20990,5626,15466,17258,10568,2888,171132,219052,159070,49654,87724,105184,75496,22906,6554,7770,3458,750,3398,4438,1860,404,159054,76948,44380,14632,79900,35892,20714,6566
43,GA-2009,3217732,3337360,3465324,1855872,1655112,1717686,1730306,873328,1949698,1766464,1568872,550004,984756,822640,715414,231472,31674,32558,21918,6034,16624,18100,11282,3102,177630,224264,167534,54178,90852,107880,79560,24908,7136,8226,3666,830,3688,4536,1942,430,170598,83154,46488,15834,85698,38736,21652,7150
44,HI-2006,120474,216284,223608,104750,63004,125292,119240,54912,14240,22872,9898,2130,7454,14396,6402,1310,2474,3842,2844,814,1248,2180,1464,436,191926,244812,331772,207622,98916,117234,157022,90282,90414,78188,63196,25218,46618,40474,31894,12066,246000,159910,113278,36786,126080,81164,56074,16954
45,HI-2007,117942,207550,221660,111600,61438,118136,118600,58770,13328,20622,10032,2318,6998,12834,6588,1434,2306,3718,2892,886,1174,2044,1468,458,190798,241488,332558,209828,98558,115300,157036,91560,91320,79256,64356,26080,46990,41036,32532,12518,251304,164190,116594,39184,128724,83112,57754,18252
46,HI-2008,116826,210988,219402,119296,60732,120400,117690,62930,12794,20412,10304,2484,6634,12854,6760,1598,2226,3868,2898,956,1128,2180,1446,506,189462,240316,331800,214356,97906,114756,156388,93870,92286,80784,65286,26932,47452,41738,33106,12972,256740,169290,119614,41966,131316,85728,59410,19592
47,HI-2009,115862,210830,215890,126028,59734,119476,115874,66814,12342,20086,10494,2670,6464,12706,6922,1696,2206,3950,2954,1052,1076,2224,1514,548,189020,238980,331266,218930,97760,114210,155686,96546,92380,82440,66258,27882,47410,42782,33672,13438,263376,174396,122848,44592,134918,88484,60880,20918
48,ID-2006,837038,740442,744168,369136,429242,379578,371908,179884,8240,6594,3410,666,4248,4156,2170,404,16500,13740,10998,3576,8498,6948,5484,1728,9100,13052,8678,3108,4372,6284,3580,1220,1550,1816,864,202,836,986,446,104,26430,12898,8598,2872,13124,6408,4172,1408
49,ID-2007,855030,755820,752182,389122,438798,387028,375642,190390,8772,6950,3798,708,4560,4350,2384,418,17212,14102,11360,3906,8876,7064,5690,1886,9830,13770,9278,3256,4646,6508,3838,1272,1744,1934,980,244,936,1068,482,138,28324,13930,8936,3178,14068,7014,4344,1600
50,ID-2008,868214,768578,756164,408266,445722,392936,377542,200056,9264,7022,3928,788,4756,4408,2482,488,17982,14448,11812,4114,9170,7248,5908,2020,10264,14006,9626,3418,4866,6654,3968,1358,1832,1998,982,280,990,1016,482,164,30088,14726,9390,3460,15028,7346,4578,1774
51,ID-2009,873744,772574,759632,426464,448160,394222,378970,209098,9382,7640,4222,824,4836,4786,2654,500,18294,14830,12274,4322,9436,7602,6104,2148,10736,14114,10014,3642,5098,6686,4122,1420,1874,2156,1062,278,1002,1132,562,158,31614,15790,9790,3668,15776,7792,4758,1852
52,IL-2006,5284662,5441064,5704560,2698910,2716970,2787850,2845616,1240442,1282268,1057644,980414,400596,650772,497544,442618,166454,39852,40220,27406,6606,20044,21152,14156,3030,276874,403242,278390,110642,140582,198492,130914,51224,4658,5840,3316,910,2420,3130,1634,410,185726,86260,49926,15476,93906,41930,23964,6894
53,IL-2007,5261628,5426642,5682984,2786286,2702800,2777902,2835998,1286682,1270462,1053250,984494,409872,644236,495286,444878,170752,42812,42686,28878,7272,21602,22674,14842,3386,285098,416784,284956,119136,144566,204498,134036,55294,4620,5878,3392,932,2436,3114,1688,400,197960,91634,51862,16632,99902,44532,24960,7450
54,IL-2008,5232264,5419524,5683190,2853738,2686122,2772406,2836054,1323498,1259560,1049704,987708,421146,637974,494280,446732,175518,45780,45064,31004,7942,23060,24106,16206,3690,292688,423622,294362,127326,148010,206980,138620,58966,4652,5832,3430,966,2466,3110,1674,432,210300,97686,54146,17650,106304,47322,26204,7902
55,IL-2009,5196750,5402148,5690504,2927352,2666394,2759192,2839832,1362274,1245300,1051010,990212,433008,630616,494044,449584,180452,50336,47562,32844,8760,25408,25414,17188,4098,299828,429142,304306,136154,151314,209464,142968,63012,4706,5716,3468,990,2416,3082,1724,450,222608,103516,56442,18802,112538,50020,27260,8454
56,IN-2006,3013148,2927996,3197308,1564718,1546948,1483926,1589794,720870,400380,329470,282610,106436,203396,158996,132120,45586,13178,13278,12212,3356,6696,7112,6280,1644,50666,74810,39620,11926,25454,37760,18098,5328,2002,2556,1312,336,1004,1500,658,168,102316,37560,22666,7892,51690,17990,10886,3682
57,IN-2007,3015266,2919800,3189366,1623506,1547772,1479564,1586762,750746,405896,334250,287814,109086,206212,161228,134618,46662,13640,13722,12542,3562,6940,7364,6392,1770,53810,77476,41756,12988,26892,39072,19258,5822,2136,2536,1382,324,1048,1454,684,178,110094,40112,23354,8364,55352,19328,11184,3938
58,IN-2008,3016282,2916324,3188494,1669106,1547842,1476670,1587114,775362,410804,338522,293294,112850,208806,163280,137416,48410,14196,14358,12854,3830,7160,7730,6652,1870,56488,79596,43888,14050,28106,39860,20210,6234,2266,2586,1454,364,1154,1548,720,176,117588,42478,24120,8876,58798,20302,11586,4186
59,IN-2009,3002250,2906914,3187066,1718294,1540232,1469576,1587614,800894,414420,343010,297324,117068,210782,165406,139398,50476,15112,14616,13132,4144,7654,7906,6780,2040,59316,82656,45964,15370,29456,41516,21316,6804,2340,2830,1534,370,1190,1592,766,156,125238,45208,25124,9232,62626,21568,12032,4354
60,IA-2006,1477590,1408450,1605156,844928,757326,716280,803398,392158,62922,48816,32722,9846,32572,26550,17670,4622,9136,7252,5746,1310,4612,3792,2742,592,28152,39810,19104,6096,13878,20604,8880,2732,1368,1480,630,158,692,816,316,76,45196,15166,7932,2446,22886,7426,3928,1148
61,IA-2007,1474488,1407376,1597128,870174,755956,716068,799128,405796,66492,51042,34090,10324,34510,27850,18340,4874,9726,7498,5868,1450,4936,3976,2812,646,28988,40978,19800,6460,14250,21322,9226,2886,1540,1658,616,192,836,860,310,92,48434,16280,8244,2594,24632,7882,4072,1198
62,IA-2008,1474216,1410442,1591834,889068,755826,717830,796344,416598,69782,53418,35550,10914,36356,28920,19342,5216,10024,7624,6146,1518,5192,3992,2986,696,29682,41800,21046,6816,14650,21700,9830,3040,1530,1614,656,184,710,908,322,104,52070,17338,8580,2714,26440,8430,4276,1246
63,IA-2009,1471230,1410294,1589038,909808,754276,717454,795280,427780,71796,56364,36994,11376,37060,30798,20088,5466,10166,8186,6338,1668,5170,4310,3094,770,30796,43408,22076,7284,15224,22512,10300,3190,1718,1740,714,228,892,880,358,102,55100,18466,8950,2872,28048,8914,4478,1328
64,KS-2006,1341676,1268668,1384594,681126,689942,647426,689668,317548,113062,97598,82566,28764,58596,51600,41786,12622,20612,18832,15188,4510,10730,9646,7408,2168,34536,49296,28628,9152,17136,24496,13248,4056,1540,1834,940,228,788,990,500,124,66776,26776,16928,5314,33726,13092,7996,2462
65,KS-2007,1345190,1271098,1378286,704396,691344,646486,686146,329980,114242,98240,83564,29880,59188,51806,42144,13242,20974,19208,15284,4746,10802,9970,7404,2300,35954,50494,29572,9768,17908,24978,13680,4308,1700,1760,994,242,858,962,498,134,71494,28258,17376,5578,36048,13600,8246,2564
66,KS-2008,1346672,1284964,1371740,722438,692062,655448,683048,339742,115482,101324,84936,30708,59884,54000,43206,13666,21454,19396,15592,5048,11062,9994,7540,2432,37348,51558,30694,10528,18634,25462,14136,4654,1846,1938,1048,274,942,1128,554,152,76600,30402,17858,5790,38494,14750,8564,2652
67,KS-2009,1350890,1290154,1371686,742590,693980,657036,682424,350630,116410,102276,85454,32178,60122,54570,43560,14388,22292,20304,16016,5304,11476,10602,7784,2572,39010,52162,32024,11462,19440,25780,14764,5098,1950,2000,1062,286,976,1170,574,156,81980,32332,18382,6070,41178,15552,8732,2800
68,KY-2006,1948392,2019886,2213744,1127192,1000916,1015180,1090460,519702,211280,191452,170646,60406,108302,97444,82478,25754,5846,6498,6806,1980,2946,3562,3412,1030,24756,34598,20134,6272,12082,16832,9212,2670,1830,2230,912,220,936,1210,496,110,60170,21738,15448,6734,30570,10576,7596,3056
69,KY-2007,1953000,2023028,2207714,1170988,1002686,1021482,1087720,542998,213822,195956,173420,62276,109414,101060,84056,26678,5852,6980,6968,2118,3014,3900,3518,1100,26076,35574,21022,6790,12692,17252,9616,2880,2068,2372,950,246,1078,1342,492,130,65206,23492,15840,7132,33062,11578,7842,3208
70,KY-2008,1962498,2012480,2212962,1209688,1006940,1012404,1089730,563306,216708,194860,176352,64606,110762,99544,85662,27936,6154,6866,7064,2346,3140,3806,3562,1204,27850,35992,22242,7248,13518,17174,10248,3044,2108,2294,1050,226,1048,1334,564,118,70646,24730,16320,7502,35630,11904,8070,3346
71,KY-2009,1957770,2009838,2211672,1246292,1004376,1015544,1089394,582570,217838,200168,178394,67596,111500,103250,87082,29518,6488,6992,7124,2506,3330,3948,3680,1298,28742,37032,23192,7902,13842,17728,10746,3254,2432,2602,1080,286,1304,1462,572,164,75422,26754,16770,7828,38004,13118,8328,3534
72,LA-2006,1394140,1499458,1654490,863256,712914,761082,825580,399300,925762,755476,702292,269782,467802,360414,327404,114524,18774,17542,15556,5606,9582,9142,7724,2704,32772,45186,33044,10850,16812,22746,15948,5020,1250,1638,886,256,620,912,480,112,45910,22734,16924,6580,23292,10960,8116,2962
73,LA-2007,1405848,1511848,1646468,893730,719602,769480,821700,415920,949066,781032,719560,282992,480114,372114,334974,120842,19360,18060,15928,6028,9838,9546,7858,2934,33620,47072,34210,11644,17124,23636,16660,5336,1270,1944,942,268,656,1130,514,118,50480,24156,17448,7026,25596,11764,8360,3178
74,LA-2008,1415642,1517466,1644500,918030,725098,772144,820648,428900,963228,799716,732572,297646,487910,380210,340762,127576,20058,18626,16444,6424,10152,9808,8094,3140,35088,48710,35398,12524,17816,24346,17324,5742,1378,1960,944,302,712,1100,508,116,55302,25926,18044,7536,28140,12328,8624,3416
75,LA-2009,1417956,1534598,1646802,942962,725920,784406,822072,442252,967000,819776,740556,311222,489426,390088,344972,134352,20744,19046,16844,6742,10554,10006,8334,3304,36030,51638,36764,13442,18280,26168,18070,6158,1478,2106,1002,292,744,1152,540,124,59328,27994,18700,7916,30122,13406,8962,3550
76,ME-2006,609678,598362,814686,412998,314206,296748,400690,194392,12676,8292,4746,1140,6708,4894,3002,648,5274,4812,4786,1412,2616,2366,2350,668,8140,8520,6204,1878,3694,3870,2514,738,254,286,210,52,116,140,112,22,15776,7530,6136,2096,7964,3580,2974,992
77,ME-2007,601412,592592,811476,430208,309932,294398,397936,203932,13598,8868,4982,1254,7160,5132,3178,700,5324,4780,4944,1548,2668,2378,2444,716,8180,8630,6438,2018,3712,3948,2620,788,230,328,180,50,108,184,98,26,16738,7850,6410,2324,8356,3796,3148,1056
78,ME-2008,592408,587852,808554,445852,305230,292776,395846,212152,14576,9152,5482,1364,7544,5314,3474,772,5386,4830,5148,1660,2708,2460,2496,788,8526,8824,6742,2136,3868,4024,2682,876,228,310,170,52,110,176,94,22,17774,8314,6678,2518,8970,4014,3240,1192
79,ME-2009,582012,581540,802942,460660,299882,289730,392986,219766,15004,9884,5634,1530,7874,5720,3574,864,5442,4980,5214,1760,2726,2530,2564,812,8754,8834,6890,2250,3974,4028,2816,856,232,330,154,46,120,202,84,22,18654,8772,7014,2688,9394,4254,3458,1250
80,MD-2006,1750720,1799748,2194438,1034826,899748,910532,1083184,481684,1031904,953996,952162,334362,523226,442828,427520,140910,15054,17642,13468,3798,7888,9418,6670,1806,147082,193832,162042,61624,74478,92154,74494,28994,2680,3580,2142,494,1354,1966,1040,262,116894,54202,34790,10012,58800,25242,15948,4462
81,MD-2007,1727112,1787606,2167734,1073524,888068,906690,1070372,501872,1033248,954534,965324,349774,523630,443766,433796,147668,15874,18786,14076,4070,8276,10090,7060,1922,151476,199612,167400,65762,76656,95188,76630,30988,2800,3738,2322,556,1424,1958,1162,292,124670,57842,36728,10812,62660,26842,16826,4840
82,MD-2008,1705464,1780284,2154734,1104916,876038,904694,1063802,518582,1030042,957642,976778,365890,522242,445654,439204,155276,16536,19868,14638,4378,8722,10782,7390,2066,156328,203792,173388,70518,79026,97002,79350,32946,2960,4112,2444,572,1462,2258,1242,274,133340,61654,38470,11822,67146,28576,17792,5278
83,MD-2009,1687422,1779732,2149604,1134496,866254,905928,1060772,533606,1026870,964350,988012,386514,520884,449072,444622,163310,17728,21166,15460,4600,9202,11632,7798,2168,161224,208664,180678,75096,81390,98886,82742,34926,2948,4280,2490,548,1476,2362,1268,248,141576,65652,40796,12690,71454,30406,18856,5626
84,MA-2006,2680998,2833202,3354580,1610524,1370956,1404568,1637086,730832,313394,288836,232048,79038,159678,138922,110300,33298,16528,16324,12502,3588,8510,8448,6058,1722,172298,257586,146644,49046,85008,124484,70742,23190,3746,3906,2162,700,1904,1940,1010,318,101812,55626,31630,9416,51224,26008,14790,4180
85,MA-2007,2652134,2807816,3334778,1666902,1356094,1392498,1627522,759950,316734,293532,238244,83140,161398,141266,113366,35146,17362,17118,12946,3872,8944,8930,6336,1848,176810,261570,153510,52258,87290,125478,73930,24588,3728,4104,2362,794,1880,2102,1102,330,108038,58520,33156,10098,54398,27274,15414,4544
86,MA-2008,2625074,2799418,3334136,1711316,1342866,1388258,1626910,783050,321458,298816,245730,87528,163816,143918,116856,37168,18274,18066,13562,4108,9390,9498,6692,1948,181864,267366,161464,56134,89838,127480,77664,26450,3818,4248,2416,798,1916,2222,1122,360,114634,61960,34794,10730,57450,28756,16124,4810
87,MA-2009,2599424,2803374,3335092,1761278,1329862,1390564,1626914,808370,324874,305916,252724,92344,165636,147068,120204,39316,19310,19018,14236,4368,9930,10042,6904,2040,187678,274324,169814,60526,92648,130218,81334,28430,3878,4288,2552,842,1916,2210,1194,376,121108,65584,36372,11548,60762,30360,16824,5202
88,MI-2006,4238804,4076258,4882494,2381206,2177108,2067046,2433972,1112714,975788,805656,743654,290694,496246,382900,343142,123958,42850,38342,36386,10860,21868,19688,17804,5190,138564,180726,105278,36206,70444,88934,50910,17064,2430,2466,1558,454,1158,1306,808,208,195268,81828,52986,17244,98420,39214,24912,7774
89,MI-2007,4176664,3997834,4842838,2465350,2144592,2026522,2411950,1156700,964862,794694,743412,300032,491062,378030,343252,128344,42900,38110,36848,11598,21858,19422,18104,5586,140708,179584,108614,39024,71392,87444,52532,18296,2360,2536,1600,502,1134,1366,834,242,204064,84648,54096,18274,103032,40328,25430,8200
90,MI-2008,4102080,3919052,4808076,2531326,2105802,1983074,2393500,1191750,947184,783152,742214,309866,482192,373398,343004,132304,42828,37904,37314,12384,22080,19320,18336,5934,141604,177424,112102,41634,71714,85864,54268,19380,2364,2480,1598,548,1122,1292,824,268,212836,87270,55336,19324,107508,41298,25988,8686
91,MI-2009,4025168,3848334,4778956,2603232,2065862,1946028,2378326,1229142,929312,774534,740586,320766,473098,369878,342514,137220,43608,37796,37724,13234,22358,19152,18710,6250,142214,175076,115718,44116,71662,84172,55982,20448,2300,2470,1684,582,1102,1302,870,282,222086,90714,56612,20340,112172,42874,26462,9142
92,MN-2006,2360880,2378738,2766036,1256574,1209334,1212132,1384022,593526,198728,164582,100730,22454,102196,83664,53972,10322,49638,37514,29566,8500,25502,19164,14492,3870,141170,146158,69188,20918,71128,71042,33100,9302,2054,2120,1162,244,1060,1164,598,110,108968,42942,20998,5074,55106,20546,9992,2284
93,MN-2007,2344536,2376772,2759944,1307488,1201072,1211384,1380400,619854,209006,170564,106366,24368,107452,86382,56864,11310,50714,38282,29966,9014,25946,19724,14592,4114,145392,152216,72928,22414,73386,73832,34838,10030,2102,2110,1278,272,1076,1154,638,122,116100,45938,21818,5448,58792,21832,10392,2474
94,MN-2008,2326284,2375724,2758604,1350992,1191022,1211392,1379878,642142,216242,176536,111418,26558,110750,89088,59290,12260,51748,39154,30512,9514,26588,20300,14812,4312,149566,156990,77196,23948,75302,76078,37066,10646,2246,2106,1288,270,1128,1146,634,124,123922,48686,22854,5858,62698,23074,10956,2656
95,MN-2009,2310288,2365568,2759930,1397432,1183584,1204890,1380358,666098,220228,180916,117308,29088,112860,91186,62212,13458,50994,39702,31008,10008,26116,20446,15180,4560,152558,161154,81792,25930,76760,77812,39278,11546,2224,2220,1282,310,1176,1144,634,136,131254,51536,23850,6370,66528,24202,11438,2906
96,MS-2006,893664,907122,1014994,589642,459876,464116,507144,272188,748674,612984,536782,197940,378090,285080,246626,83712,10950,9364,7116,2294,5548,4854,3460,1118,12896,17226,12304,3742,6572,8452,5382,1512,818,1134,578,134,396,694,260,58,25434,10618,8186,3424,12848,5172,3872,1526
97,MS-2007,898710,906954,1005464,608682,462210,464404,502580,282184,752982,617056,543644,205086,380656,287554,249580,87470,11230,9614,7248,2448,5722,4940,3540,1216,13406,17954,12816,3984,6946,8750,5650,1604,906,1262,524,142,426,780,270,64,27650,11268,8324,3600,14028,5556,3952,1610
98,MS-2008,901090,906418,1000242,622384,463120,464132,500198,289850,753316,619836,550014,214840,380908,289086,252162,91706,11526,9942,7480,2648,5850,5180,3694,1302,13856,18372,13448,4224,7134,8958,5936,1700,910,1360,558,158,440,818,286,74,29622,12088,8496,3802,14904,6022,4102,1672
99,MS-2009,897380,903970,996116,637146,460918,463416,497802,297834,750782,622744,552886,222360,379800,290162,252856,96352,11652,10446,7620,2710,5928,5406,3756,1304,14142,18900,13924,4570,7306,9176,6154,1864,1054,1510,606,180,478,892,304,78,31384,12556,8754,3926,15786,6202,4228,1722
100,MO-2006,2563566,2547770,2865170,1510264,1314628,1283516,1418392,701282,464864,385746,345994,132814,235812,182256,159846,54862,16820,16898,17358,5608,8722,8666,8608,2872,46838,70982,40260,14546,23070,34692,17852,6412,4076,4324,2172,486,2052,2214,1076,244,97580,42702,30518,11490,49292,21074,14490,5364
101,MO-2007,2563460,2555974,2857696,1563126,1314774,1288240,1415460,728612,465904,387068,351066,136622,236942,183444,162458,56642,17114,16934,17612,5906,8786,8808,8784,3028,48978,73500,41880,15622,24220,35824,18576,6858,4520,4514,2292,508,2244,2446,1138,238,104448,45174,31096,12118,52862,22178,14822,5712
102,MO-2008,2559372,2559390,2854210,1606110,1312360,1291014,1413254,751026,465386,389620,354974,140700,236774,185282,164290,58392,17386,17242,17902,6064,8870,8976,8916,3074,51318,74760,43628,16748,25324,36232,19518,7288,4774,5036,2398,544,2392,2606,1190,260,110998,47586,31790,12530,56210,23252,15214,5888
103,MO-2009,2550702,2563864,2853824,1650384,1307924,1293074,1413886,773688,463578,394422,358062,146344,235820,188024,166362,61072,17712,17128,18122,6418,9104,9002,9028,3238,52844,76628,45676,17840,26076,37066,20350,7678,5142,4896,2536,624,2562,2646,1268,298,117978,50466,32942,13052,59592,24628,15856,6174
104,MT-2006,425358,418416,532416,275556,219230,215746,266668,135604,3264,3072,1422,404,1794,2118,946,250,49454,32942,28138,9152,25242,16486,13718,4168,3154,4418,2904,1048,1434,1974,972,336,412,540,296,134,220,324,156,72,18432,9264,7246,2554,9534,4624,3448,1120
105,MT-2007,425650,423958,531796,288592,219358,219002,266018,142860,3344,3116,1466,406,1860,2104,978,254,49666,33556,28476,9622,25274,16808,13826,4442,3202,4472,3082,1102,1472,1970,1036,354,452,548,320,134,248,284,174,78,19510,9970,7442,2758,10120,4868,3564,1202
106,MT-2008,426570,430894,530202,300720,219826,222452,264776,149736,3294,3282,1502,438,1820,2270,1016,284,49864,33960,28754,9994,25232,17066,13962,4596,3212,4570,3300,1118,1456,2040,1098,358,460,548,322,128,264,298,174,72,20564,10358,7826,2938,10752,5178,3770,1300
107,MT-2009,424708,433494,526460,312762,218742,223932,262530,156222,3292,3298,1642,434,1828,2300,1134,266,50132,34706,28912,10530,25406,17464,13998,4854,3316,4668,3360,1312,1500,2060,1136,456,464,636,326,142,260,376,170,76,21578,11132,8080,3138,11216,5598,3904,1392
108,NE-2006,881550,842358,910916,454320,451750,430530,455712,212210,58674,48596,36962,12124,30236,24830,18596,5380,17388,12590,8192,2226,9148,6360,3958,978,17670,24046,12128,3938,8848,11984,5236,1766,1174,1326,624,156,588,780,320,72,30932,12194,5944,1598,15476,5868,2880,682
109,NE-2007,878886,843962,907208,468550,450344,430850,453704,219808,59900,48880,37686,12722,30740,25030,18954,5718,18176,12982,8574,2328,9610,6616,4116,1040,18436,24468,12592,4204,9238,11988,5528,1850,1224,1414,642,156,648,812,344,62,33130,13054,6198,1710,16578,6306,2968,738
110,NE-2008,877344,848776,903704,480306,449710,433390,451846,226046,62114,50166,38208,13118,32062,25718,19384,5882,19836,13452,8936,2476,10392,6876,4294,1120,19104,24964,13238,4492,9650,12228,5860,1938,1376,1486,716,172,692,816,366,76,35358,13968,6438,1824,17792,6734,3090,820
111,NE-2009,879682,854020,902594,494016,450358,436246,451080,233784,62762,51510,39144,13694,32396,26546,20018,6218,19458,13958,9410,2624,10052,7234,4574,1176,19620,25604,13832,4876,9822,12588,6192,2068,1454,1626,764,194,722,876,414,92,37768,14892,6860,1976,18974,7190,3278,864
112,NV-2006,1066130,1145910,1139814,584822,548876,599808,587284,291934,133788,121594,103922,41554,68938,61650,52888,19758,25282,23468,19524,6468,12744,12004,9716,3118,75978,108084,100844,43892,38850,49834,42136,18346,10496,11318,6962,2370,5322,5732,3462,1210,79618,41868,23676,7778,40922,20212,11206,3676
113,NV-2007,1090842,1167650,1151502,612532,561158,609602,593812,305756,140342,128190,109274,44034,71856,65382,55750,20850,26440,24942,20404,7092,13316,12764,10232,3462,82086,115724,108260,49026,41838,53490,45424,20472,11240,12080,7484,2672,5646,6004,3756,1364,85746,46166,24872,8440,43968,22184,11862,4014
114,NV-2008,1100090,1175294,1157808,636152,565512,612898,597538,317884,144448,134084,113966,46338,74012,68434,58406,21732,27266,25632,21188,7628,13690,13276,10654,3700,86848,120602,114572,53690,44372,55916,48038,22508,12064,12942,8000,2880,6104,6422,4022,1464,91546,49486,25870,9136,46892,23854,12320,4278
115,NV-2009,1100752,1166556,1162240,659100,565046,606732,600212,328960,146140,137480,117164,49006,74952,70318,60264,22728,27702,26380,21692,7966,13944,13728,10902,3906,89934,123034,118732,58070,46030,56896,50062,24284,12394,13434,8212,3174,6292,6804,4038,1578,96570,52488,27144,9676,49338,25174,12990,4560
116,NH-2006,642194,603790,808014,351156,328936,301974,401118,166680,11032,9916,6648,1646,5666,5738,3868,894,2038,2128,2280,580,994,1092,1190,328,14708,20876,12034,3140,7316,10318,5570,1432,324,342,286,60,154,156,134,24,16268,7166,5800,1590,8152,3452,2880,788
117,NH-2007,632710,596534,807150,369990,324008,298486,400034,176818,11292,10102,6846,1768,5908,5824,4040,912,2148,2080,2272,590,1050,1084,1184,330,15504,21326,12578,3514,7678,10310,5880,1598,316,326,298,54,158,150,140,22,17212,7602,5944,1672,8588,3708,2916,840
118,NH-2008,622176,590586,806710,386272,318980,295524,399714,185066,11726,10376,7254,1882,6108,5952,4308,990,2130,2198,2288,656,1036,1144,1178,378,16112,21718,13338,3846,7932,10358,6266,1762,318,312,330,54,156,154,158,24,18276,7902,6306,1878,9120,3812,3104,928
119,NH-2009,610154,583204,806986,400630,312678,291852,399406,192182,11836,10590,7586,1946,6138,6098,4484,1058,2086,2048,2308,714,1056,1026,1184,416,16706,21794,13990,4150,8194,10346,6560,1848,360,368,352,50,204,176,170,22,19110,8402,6478,1968,9544,4156,3152,984
120,NJ-2006,3330970,3221420,4015388,1963192,1714018,1636388,1975406,889808,795716,729370,675506,266058,403702,347644,308242,110040,24080,27606,18354,5492,12442,14852,9178,2448,357008,451550,367478,125220,181544,219310,177612,59428,4322,5354,3142,924,2110,2874,1510,460,128628,68420,47800,14468,65344,33162,22426,6440
121,NJ-2007,3298222,3179706,3984382,2016996,1697590,1617428,1959830,918256,790346,725458,682822,273270,401378,345752,312258,112766,25434,29650,19680,5900,13208,16010,9960,2710,367374,465848,379964,135368,186588,226280,183222,64196,4348,5368,3302,948,2140,2884,1626,452,136116,71980,49830,15416,69198,34926,23356,6838
122,NJ-2008,3267082,3158712,3974078,2056570,1681768,1609214,1954894,939762,786150,724426,690322,279514,399200,345774,316546,115306,27174,31536,20930,6430,14074,17142,10560,2952,378412,480348,393688,145406,192006,233766,189362,69100,4278,5562,3462,1026,2104,2938,1692,508,143958,75686,52072,16460,73214,36704,24452,7302
123,NJ-2009,3236818,3144758,3974872,2093924,1666044,1602008,1956150,959306,782748,725798,699462,288668,397572,345806,321316,118690,29944,33586,22536,6970,15436,18414,11402,3226,388590,489072,409530,155584,197234,237332,196634,73806,4514,5738,3712,1060,2214,3044,1768,514,151794,79784,54588,17412,77234,38534,25540,7688
124,NM-2006,900490,841128,951638,499816,459976,425990,465618,237364,30238,27690,22110,8056,15484,15646,12242,4176,146878,115904,91350,32546,73708,57594,43216,14162,13572,19490,15566,5452,6730,9338,6494,2166,1850,1836,1386,378,1000,1006,678,180,35932,18812,13746,4818,18172,9334,6590,2246
125,NM-2007,904576,850030,952548,523908,462136,430634,466230,249354,30724,28204,23046,8488,15766,15832,12852,4410,147208,117898,93214,34312,73788,58584,44088,14994,14082,19876,16074,5878,6944,9468,6688,2326,1908,1792,1410,420,1024,920,676,216,37832,20276,14274,5206,19076,10056,6886,2430
126,NM-2008,907100,851040,951302,544862,463850,430382,465580,259728,31102,28028,23488,8846,16026,15714,13084,4586,148548,119932,95354,35990,74378,59744,45048,15808,14756,20042,16552,6304,7272,9508,6978,2524,1998,1990,1378,434,1088,1062,644,212,40126,21466,14760,5652,20250,10618,7072,2588
127,NM-2009,913326,856384,949022,567476,466746,433612,464570,270846,31868,29062,23966,9390,16482,16396,13494,4800,148378,123212,97258,38068,74760,61352,45852,16612,15392,20070,17352,6830,7564,9484,7426,2754,2124,2086,1448,488,1098,1080,714,240,42576,22986,15468,6062,21444,11420,7538,2752
128,NY-2006,6894114,7346876,8165832,4173630,3539574,3705392,4017802,1893544,2053060,1930338,1795302,743824,1039544,901810,803250,295394,98122,100484,72742,22458,50310,51916,35592,9630,646172,946556,751828,274568,330864,452046,366174,128734,13244,15432,9426,2790,6682,7850,4434,1208,299124,195152,130522,41994,150776,91368,60506,18080
129,NY-2007,6806940,7311564,8086508,4289336,3494024,3690810,3981882,1954512,2032072,1917540,1800444,761822,1029526,898454,806670,304106,102546,106260,76946,24232,52530,55386,37608,10472,660454,968962,771186,292546,337842,461382,373850,137104,13152,15710,10006,2972,6508,8056,4722,1288,315908,204686,135922,45022,159264,95712,63098,19374
130,NY-2008,6740296,7311288,8052958,4370564,3458882,3694374,3968158,1997824,2016218,1919902,1813440,778846,1022100,899948,814262,311878,108534,112292,81274,26138,55432,58908,39860,11336,678574,990316,795148,311554,347030,470256,383746,145868,13502,16300,10502,3186,6716,8326,4954,1346,333982,216396,141840,48158,168486,100912,65872,20878
131,NY-2009,6672108,7311896,8026692,4464844,3423984,3694592,3959438,2047342,1998648,1933884,1825490,802062,1012694,906676,820634,322084,115760,118344,85812,28082,59124,62416,42112,12330,691550,1009646,819392,332952,353266,477758,393826,156010,14362,17024,10952,3314,7334,8618,5078,1450,352078,228300,148264,51758,177578,106280,68714,22340
132,NC-2006,3263890,3550340,3766486,2017724,1680768,1821794,1860674,932188,1238430,1102418,1055836,403430,627316,516094,485798,169076,86172,80702,65060,22962,44030,40980,31836,10554,103638,136664,83728,24152,51930,66802,38418,10776,5454,6710,2758,582,2884,3532,1452,294,142482,63872,36516,11456,72102,30546,16884,5042
133,NC-2007,3334872,3570606,3812974,2118902,1715868,1814978,1882860,982706,1260472,1116464,1084014,424278,638380,519144,498274,178942,89448,83354,66904,24564,45764,42290,32712,11412,111164,143412,90412,26752,55682,69396,41646,11872,5852,7192,3028,632,3102,3762,1568,324,158522,69466,39078,12512,80068,32808,18030,5540
134,NC-2008,3382046,3619520,3848152,2207664,1739536,1842756,1901082,1027136,1274460,1139396,1108274,448714,646106,532152,508880,190066,92738,86316,68292,26174,47512,43950,33538,12212,118286,151018,96226,29630,59238,73224,44466,13098,6228,7812,3300,712,3334,4212,1700,372,174090,75794,42156,13650,88106,35868,19504,6076
135,NC-2009,3402748,3627420,3881472,2287018,1750156,1841296,1917288,1065836,1285902,1156682,1125654,470890,652294,539586,515998,201376,96754,88988,70088,27774,49544,45268,34536,13034,123416,155124,102806,32456,61772,74970,47632,14244,6996,7902,3458,780,3658,4220,1786,416,189118,82002,44758,14602,95394,38650,20600,6510
136,ND-2006,292736,314878,339956,177854,150736,166486,173482,84186,5300,6056,1662,356,2860,3918,1102,212,29302,20432,14516,4458,15046,10122,6878,1984,2832,5362,2270,626,1432,2786,968,270,212,276,104,30,96,138,62,14,10062,4628,2052,646,5080,2298,998,280
137,ND-2007,290918,316708,338596,182360,149912,167374,172766,86644,5408,6306,1870,346,2896,3978,1160,232,29676,20616,14912,4648,15252,10230,7022,2116,3022,5890,2314,710,1552,3086,974,298,224,300,106,32,112,146,58,14,10504,4836,2154,668,5308,2390,1020,286
138,ND-2008,289690,319608,337750,186530,148976,168962,172442,89282,5986,6442,1798,384,3244,4140,1176,234,29880,21192,15334,4754,15346,10560,7186,2128,3082,6210,2364,788,1528,3270,1012,344,188,294,102,30,84,148,46,14,11166,5254,2328,736,5648,2592,1132,320
139,ND-2009,290048,325128,337716,190514,149158,171662,172490,91870,6236,7514,2128,416,3386,4604,1304,272,30070,21490,15588,5092,15356,10648,7346,2306,3240,6122,2692,900,1620,3240,1110,374,210,312,98,32,94,142,56,14,11974,5462,2428,772,6010,2732,1176,340
140,OH-2006,5000682,4914318,5777106,2895782,2563592,2471250,2853320,1327598,940972,762674,721406,295172,478648,365018,335848,125090,15338,16482,17904,5178,7882,8790,9188,2546,94258,139486,85152,30248,46334,68972,39400,13852,3096,3508,1896,568,1572,1976,888,256,202016,77512,49260,16248,101548,36630,23076,7328
141,OH-2007,4960972,4865972,5730170,2997708,2543584,2447220,2830484,1381648,944400,766082,727458,302446,480490,366302,339420,128430,15710,16654,18034,5542,8002,8828,9262,2742,97214,142950,87490,32420,47688,70672,40458,14778,3350,3706,1980,598,1672,1990,934,266,215978,81486,50412,17380,108706,38266,23774,7822
142,OH-2008,4916046,4822964,5703334,3075250,2519808,2426812,2818280,1423314,944650,769294,732846,311114,480254,367570,343174,132306,16104,16940,18172,5946,8072,8974,9340,2928,100546,144940,90504,34806,49204,71158,42074,15780,3470,3856,2112,622,1770,2102,998,292,230300,86322,51544,18256,116092,40458,24340,8210
143,OH-2009,4867090,4778780,5682314,3160650,2494162,2403654,2808842,1468580,940020,774482,737380,321096,477154,370332,346228,137064,16184,16628,18292,6202,8244,8858,9426,3028,103686,145746,94066,37010,50788,71482,43720,16778,3670,3838,2164,634,1822,2096,1058,298,244280,91050,53014,19202,123022,42642,25024,8750
144,OK-2006,1388254,1455632,1580468,896578,714472,746018,784428,416736,185920,164672,136972,49110,95138,84428,67114,21650,234232,173550,145494,55824,119646,86696,69790,25856,31302,45120,29456,9818,15902,22834,12674,3978,2988,3412,1562,392,1536,1846,784,196,159832,88666,67430,29468,80886,42976,32406,13094
145,OK-2007,1394350,1468300,1572292,925520,717060,753448,780944,431604,185880,167198,138508,51100,95172,86220,68102,22642,239350,176838,146994,58968,122174,88634,70566,27340,32594,46266,30756,10566,16544,23306,13374,4250,3208,3550,1630,414,1698,1864,824,202,168274,93168,67842,30636,85328,45084,32640,13636
146,OK-2008,1397290,1473470,1570974,947952,718392,754634,780722,443644,185412,166658,139422,53260,94836,85310,68818,23608,244774,180660,149404,61582,125080,90660,71956,28546,33954,47144,32012,11416,17270,23632,13930,4626,3426,3826,1768,476,1778,2082,932,228,177286,97790,68922,31450,89758,47250,33190,14006
147,OK-2009,1405752,1488214,1572884,971430,722430,762796,782078,456092,187048,169596,141174,55222,95362,87064,69932,24662,248922,185004,152498,64878,127050,93020,73672,30186,35678,48318,33204,12292,18186,23930,14652,4910,3600,3916,1836,494,1814,2062,964,250,188202,102736,70214,32226,95092,49300,34002,14336
148,OR-2006,1649896,1742442,1943804,981448,846682,890562,961320,465874,45422,42174,34518,10540,23364,23758,19384,5298,38880,36606,29902,8812,19910,18968,14476,4382,68722,93954,68768,24290,34228,43560,30794,10472,8624,9550,4966,1220,4444,4978,2566,520,102028,56294,37274,11922,51562,27240,17628,5880
149,OR-2007,1654006,1762596,1936230,1031986,848882,899736,958184,490806,46806,43458,35248,11186,24002,24318,19784,5678,40356,38302,30914,9464,20786,19932,15196,4686,70864,95934,71690,25940,35130,44156,32146,11080,9126,10142,5232,1236,4674,5286,2734,548,107498,60082,38456,12758,54366,29078,18158,6246
150,OR-2008,1656588,1779574,1930610,1078254,850102,906038,954776,514442,48082,44922,36236,11778,24966,24932,20472,6002,42270,39922,31450,10356,21852,20924,15350,5158,72560,96940,74666,27456,35988,44526,33254,11774,9432,10374,5640,1344,4834,5478,2920,616,113178,63548,39634,13698,57278,30664,18860,6682
151,OR-2009,1649168,1791892,1926386,1124452,846258,912368,953136,537884,49202,45800,37156,12322,25366,25310,21018,6226,44168,41146,32412,11246,22802,21692,16058,5572,74388,98024,77574,29356,36884,45028,34534,12594,10210,10738,5918,1540,5290,5566,3088,694,118642,67890,41224,14650,60032,32844,19668,7120
152,PA-2006,5152902,5152822,6422782,3449180,2641602,2597328,3178276,1575762,917822,760524,698976,285818,467832,368632,325660,117156,20788,20042,16860,4884,10874,10318,8376,2272,173264,234790,150386,52996,86152,115690,71480,25024,4452,4270,2600,778,2244,2198,1278,350,176866,75708,44326,13578,88748,35624,20750,6084
153,PA-2007,5110946,5131368,6383286,3545158,2619700,2588852,3159334,1628234,925974,771014,712380,292390,471936,374820,332662,120414,22668,21200,17812,5378,11892,10958,8820,2490,180358,243440,157432,57110,89432,119124,74988,26898,4660,4608,2618,810,2382,2408,1220,376,191154,81640,46496,14718,96008,38408,21862,6570
154,PA-2008,5063758,5117750,6363894,3613772,2595548,2583068,3151016,1668138,931700,782218,723852,300498,474342,380512,338560,124532,24592,22436,18762,5686,12932,11734,9298,2632,186200,250490,164826,61588,92102,122224,78106,29026,4964,4698,2826,852,2508,2414,1322,398,206402,87794,49068,15804,103504,41084,23214,7076
155,PA-2009,5016640,5109816,6354330,3690198,2571146,2580686,3146288,1711394,932830,797084,734412,309310,475356,387996,344718,128814,26304,23878,19612,6158,13490,12490,9738,2838,192104,257488,172806,66272,94892,125252,82124,31166,4964,4844,2872,870,2484,2482,1318,416,220648,93954,51980,16692,110512,44098,24442,7490
156,RI-2006,452444,477806,560834,275534,231240,236536,272946,124670,50794,45420,33498,10126,26224,22864,16550,4362,6048,4818,3738,1258,3012,2414,1768,546,18068,24162,13112,4270,8660,11412,6306,2026,1054,996,622,170,502,496,318,76,21564,10674,6276,1778,10696,5016,2992,792
157,RI-2007,443020,469886,553786,282718,226466,233516,268946,128584,51244,45894,34520,10530,26324,23054,17062,4570,6028,4914,3848,1306,3116,2486,1738,568,17928,24524,13304,4384,8502,11592,6346,2024,1060,1064,674,180,528,578,308,92,22742,11118,6478,1958,11360,5266,3052,882
158,RI-2008,435332,462834,551356,288092,222724,230486,267548,131488,51574,46280,35240,10982,26354,23238,17380,4834,6216,5180,4000,1322,3126,2590,1828,592,17994,24964,13736,4694,8552,11728,6582,2186,1034,1066,680,192,498,582,338,90,24114,11930,6712,2060,12120,5712,3212,912
159,RI-2009,426938,456732,549434,294348,218112,227482,266270,135156,52034,46772,36064,11584,26682,23430,17726,5140,6534,5382,4258,1356,3344,2718,1960,592,18046,25156,14170,4968,8562,11868,6742,2370,1156,1118,730,180,558,610,372,86,25266,12612,7062,2176,12710,5918,3384,968
160,SC-2006,1453414,1565884,1726774,991182,747812,801118,850662,466064,812702,695178,676450,269478,410950,326798,309558,113750,12294,13694,11122,3478,6412,7524,5632,1704,27892,37872,27298,9412,13932,18652,11854,4048,2042,2862,1076,246,972,1706,562,112,56086,23910,15630,5448,27912,11370,7552,2380
161,SC-2007,1479756,1590220,1739802,1047326,760930,813426,857364,493864,813754,700274,684656,282642,412020,330028,313066,120054,13336,14396,11592,3752,7102,7962,5876,1836,29778,39690,28840,10274,14834,19508,12586,4432,2244,3024,1104,290,1092,1828,598,138,61958,25922,16410,5908,30744,12280,7958,2620
162,SC-2008,1502222,1613606,1753684,1098382,771278,824688,864074,519102,815176,707912,692216,297806,412162,334232,316306,126992,14300,15218,12172,4172,7524,8360,6270,2064,31222,41186,30212,11276,15548,19970,13288,4828,2562,3234,1246,302,1280,1938,686,140,68532,28152,17232,6284,34086,13328,8360,2800
163,SC-2009,1513084,1624882,1766308,1144228,776342,829104,869390,541988,814012,714100,695674,309944,411850,337082,317336,133006,14658,15776,12494,4504,7530,8734,6474,2238,32156,42072,31630,12362,16046,20326,14074,5268,2552,3454,1274,318,1358,2068,682,146,74426,30248,18076,6706,36980,14282,8790,3002
164,SD-2006,355122,343264,397236,208898,182816,176670,201070,99122,6554,6086,2936,532,3382,4058,2054,318,62256,37908,26698,8556,31536,18888,12978,3704,3864,5230,2832,744,1848,2686,1162,270,276,346,198,36,122,188,110,18,15122,5766,3262,1012,7500,2808,1600,476
165,SD-2007,355546,345562,397990,215336,183166,177438,201476,102804,7168,6734,3074,564,3692,4372,2114,332,62972,38632,27372,8954,31938,19136,13340,3890,4032,5476,3002,786,1900,2854,1206,300,294,382,228,44,140,224,124,20,16040,6126,3452,1122,8028,2952,1704,498
166,SD-2008,355370,348464,397674,221516,183094,178828,201284,106246,7790,6690,3488,650,4000,4450,2374,354,63604,39752,27760,9336,32106,19756,13554,4114,4222,5412,3138,834,1986,2764,1294,314,324,406,240,44,170,244,128,26,16864,6524,3552,1222,8390,3180,1720,536
167,SD-2009,355612,352014,396666,227250,183352,181296,200818,109430,8270,7434,3692,690,4316,5030,2614,400,63592,40422,28558,9750,32370,20028,13934,4332,4576,6150,3384,1012,2198,3268,1428,360,320,442,248,54,162,250,136,26,18080,7092,3746,1224,8994,3486,1832,548
168,TN-2006,2433574,2575740,2856452,1541504,1250644,1298452,1406318,716006,694500,599620,534618,183606,351286,282676,245410,75662,11916,14476,12828,3988,6160,8052,6550,2116,46244,61794,40576,12646,22974,29884,18282,5786,2888,3766,1468,388,1524,2146,776,174,80016,34106,25502,9992,40174,16482,12390,4586
169,TN-2007,2456226,2598650,2859490,1611166,1262178,1313428,1407210,752376,696292,607394,542730,190730,351858,287182,249106,79256,13926,15320,13318,4356,7054,8594,6730,2316,48806,64044,42734,13612,24310,30778,19372,6138,3238,4172,1548,370,1706,2340,818,182,86880,36794,26370,10548,43748,17986,12802,4868
170,TN-2008,2479162,2594672,2872148,1674840,1273364,1304196,1412482,785262,698074,610036,551350,198674,352352,287672,252518,83378,15098,15600,13628,4688,7606,8600,6994,2504,50662,65212,44668,14704,25160,31218,20208,6662,3504,4174,1614,424,1836,2320,836,212,94256,38940,27434,11238,47342,18710,13368,5230
171,TN-2009,2481840,2602014,2876676,1729738,1274266,1309520,1415676,812078,695104,617310,557598,209272,350538,292038,255438,88216,15592,16340,14128,4990,7898,9062,7274,2666,52460,66242,47006,15824,25930,31538,21172,7100,3694,4750,1722,440,1974,2634,870,216,100852,41732,28282,11940,50402,20130,13796,5492
172,TX-2006,11472416,10959990,10191400,4622136,5887630,5599330,5073254,2154696,1900598,1725482,1481720,483060,967968,829716,702714,206822,131202,125984,98438,28392,67534,65546,49424,14022,455760,603442,439258,136946,233134,296178,209490,62806,18260,20290,10980,2716,9320,10470,5396,1312,315670,161750,106200,34556,159632,78270,51676,16190
173,TX-2007,11646762,11112272,10292186,4837960,5974616,5669198,5123712,2264708,1921968,1748340,1519586,504134,978770,841348,721870,217104,140356,134526,103956,31182,72350,69986,52402,15322,483576,631042,464210,150556,247194,309028,221398,69200,19438,21160,11660,2880,9912,10780,5752,1376,341638,174090,111292,37122,172654,83988,54100,17376
174,TX-2008,11819480,11257058,10413958,5036710,6060844,5740088,5185144,2364144,1949878,1778152,1555908,527218,992922,856568,740190,228492,151444,143712,110352,33916,77770,74890,55850,16692,510726,655588,490290,165734,260814,320196,234080,76296,20568,21836,12258,3162,10476,11132,6036,1478,367526,187426,116706,39748,185712,90376,56844,18684
175,TX-2009,11987964,11387392,10566750,5233110,6145208,5801352,5260900,2462444,1981488,1813170,1591138,557502,1008708,874350,757724,242586,166484,151942,117132,36464,84982,79534,59594,17960,536136,678332,518118,181946,273178,330156,247676,83554,21470,22532,13038,3360,10934,11438,6454,1592,393676,201206,122680,42234,198960,96824,59876,19884
176,UT-2006,1602220,1458156,1045846,474572,819304,743682,522210,225412,22720,18408,10420,2374,11882,11156,6464,1278,28248,23186,14826,3906,14318,11888,7180,1800,26702,38718,23660,8012,13248,18308,10460,3446,18716,14440,7260,1968,9648,7686,3794,992,54382,23108,9224,2254,27528,11684,4578,1080
177,UT-2007,1646696,1494450,1062476,497042,842596,762376,531326,236744,24876,19774,11146,2538,13032,11920,6890,1398,29330,24226,15710,4086,14792,12492,7740,1870,27944,39718,24822,8500,13898,18654,11114,3624,19746,15554,7662,2110,10182,8286,3992,1054,58824,25154,9738,2464,29902,12736,4828,1172
178,UT-2008,1686006,1523514,1079192,519330,862110,775966,540204,247588,26232,20516,11822,2742,13782,12140,7340,1536,30180,25228,16134,4308,15356,13000,7776,2000,29452,41130,26120,9046,14586,19312,11652,3892,20944,16404,8160,2264,10870,8630,4236,1150,63076,27036,10406,2710,32254,13554,5196,1314
179,UT-2009,1720372,1548302,1095566,539912,879728,788538,548290,257652,27832,21852,12416,2964,14600,12934,7730,1632,31136,26166,16626,4526,15722,13592,8020,2138,30844,42726,27472,9592,15320,20144,12250,4120,21990,17202,8526,2428,11470,9088,4456,1212,67206,29114,10978,2898,34410,14504,5426,1386
180,VT-2006,297488,289384,383824,179866,153540,144870,189172,85704,4532,3542,2058,556,2426,2004,1282,312,1272,1286,1686,540,658,688,838,288,4542,5936,3038,990,2056,2768,1226,440,96,132,88,28,56,76,40,12,7862,4152,3694,1226,3912,1958,1684,610
181,VT-2007,292790,286684,381250,188010,151080,143666,187770,89874,4764,3644,2212,562,2506,2068,1362,336,1190,1224,1698,570,598,646,846,302,4738,6196,3270,1008,2158,2782,1314,446,94,150,84,34,54,86,40,12,8366,4250,3732,1332,4186,2046,1742,676
182,VT-2008,288386,284958,378768,195538,148758,143132,186130,93928,5146,3896,2314,658,2660,2276,1370,388,1192,1218,1688,582,614,654,840,316,4708,5994,3398,1102,2174,2730,1386,476,80,134,94,34,40,76,48,12,8754,4464,3836,1372,4368,2144,1804,674
183,VT-2009,282914,283780,375680,203528,145818,142686,184226,98312,5312,4552,2428,688,2726,2530,1474,390,1206,1268,1636,590,630,702,802,314,4872,6196,3590,1166,2258,2700,1516,486,90,126,98,34,54,80,48,12,9188,4706,4044,1422,4562,2306,1908,700
184,VA-2006,2769368,3028674,3365666,1605690,1422202,1549652,1666274,753116,935452,875514,848050,313396,473128,425900,397170,134598,19402,23290,19090,5330,9776,12618,9656,2712,198622,281222,205338,70318,101128,135174,91918,31630,4102,5866,2962,708,2116,3224,1424,334,166228,79692,45610,13072,83700,38050,21604,6012
185,VA-2007,2767030,3029490,3348962,1679296,1420310,1549998,1657408,791426,934806,877798,861554,324650,472952,427146,403448,140074,20640,24522,19700,5852,10418,13296,10094,2940,208338,291330,215312,76294,105896,139446,96750,34184,4248,6164,3132,766,2200,3388,1500,372,179082,85182,48082,14176,90010,40682,22762,6550
186,VA-2008,2764560,3036114,3345044,1742246,1419180,1553716,1656992,822846,933350,883278,874168,337480,472116,429948,409470,146442,21814,25982,20450,6272,11070,14178,10450,3144,217914,299254,225988,81956,110614,142684,102046,36584,4512,6370,3354,820,2344,3558,1598,390,192140,91374,50392,15136,96626,43382,23852,6996
187,VA-2009,2758474,3048562,3355424,1803358,1415428,1558814,1661844,853510,933564,890440,884816,352448,471952,432676,414862,153268,23714,27310,21138,6750,12054,14870,10840,3420,227228,305508,237834,88488,115374,144994,107892,39200,4710,6650,3572,962,2450,3648,1694,474,205994,97302,53552,16314,103374,46150,25234,7626
188,WA-2006,2716298,2870368,3221126,1468278,1396768,1469664,1608806,704742,149966,148284,121410,32862,77460,81600,67578,16690,79496,67122,56366,17254,41076,34104,27652,8172,216360,300686,235274,90316,108894,142310,102578,37052,26282,25424,15616,3704,13264,12868,7800,1804,239458,122378,69068,18240,121280,58740,32912,8502
189,WA-2007,2719142,2884200,3216868,1548856,1397708,1474808,1606326,745740,152902,149740,125102,34910,78986,81888,69974,17806,81868,68776,57620,18456,42306,35236,28140,8822,224262,311202,244952,96476,112984,147104,106782,39888,27670,26632,16630,4038,14012,13444,8282,1968,253336,130186,71806,19876,128542,62172,34206,9212
190,WA-2008,2723350,2918450,3217648,1618916,1399360,1498272,1608958,780088,156096,156532,129100,36704,80732,86470,72468,18726,84490,71042,58714,19538,43856,36384,28982,9372,231862,320168,254544,102658,116666,151608,111280,42580,29190,28590,17378,4346,14774,14542,8690,2130,267550,139108,74944,21232,135774,66860,35722,9828
191,WA-2009,2730592,2941736,3225164,1694156,1402710,1511974,1614216,817132,159036,161874,133118,39662,82286,89744,74896,20348,84624,73288,59946,20904,43808,37800,29620,10054,239624,328412,264722,109882,120730,155344,116062,45844,30524,30216,18470,4822,15544,15424,9254,2358,283374,148108,78410,22952,143724,71508,37422,10612
192,WV-2006,816208,863150,1041594,595378,418390,433216,515124,277386,33982,35708,34188,13428,17798,20820,18240,5920,1670,2146,2792,1048,922,1212,1502,528,5708,8758,5850,2686,2866,4464,2514,1282,250,398,212,84,128,214,104,40,21564,8540,6692,3398,10926,4194,3288,1618
193,WV-2007,814598,858008,1033272,614772,417084,431298,510974,287916,34238,36286,34636,13780,17962,21266,18528,6212,1642,2152,2872,1092,886,1230,1554,564,5728,9050,5972,2846,2898,4700,2580,1344,264,368,218,90,132,168,102,42,23312,8970,6984,3598,11782,4454,3414,1704
194,WV-2008,814068,852830,1027950,630560,417054,428724,508630,296478,34512,36974,34976,14240,18080,21770,18794,6536,1738,2136,2858,1172,962,1210,1550,572,5884,8960,6134,3014,2914,4470,2726,1376,288,420,218,82,160,236,108,40,25296,9550,7100,3754,12820,4694,3510,1778
195,WV-2009,811734,850336,1022298,649040,415882,427992,505706,306986,34986,37884,35496,14692,18382,22464,19298,6888,1620,2216,2874,1228,870,1298,1566,622,6036,9530,6176,3178,2990,4726,2774,1456,274,350,188,82,144,170,88,36,27086,9970,7294,3962,13702,4952,3568,1888
196,WI-2006,2535090,2546044,3012902,1442248,1300552,1301770,1515710,680290,271100,206354,157872,48482,138354,101238,75012,20882,40840,33100,27284,8136,20946,16968,13392,3718,91174,87274,40748,12612,45720,43672,19300,5448,1542,1756,978,288,842,964,472,152,87192,33536,17810,4968,43584,15988,8764,2296
197,WI-2007,2522368,2534912,3014262,1492024,1293952,1296446,1515722,707114,274080,209498,161286,50578,139700,103306,77156,21772,41614,33708,28110,8718,21280,17342,13758,4058,93028,90592,42882,13228,46400,45150,20412,5744,1570,1804,1012,292,850,952,506,140,92960,35456,18442,5338,46430,16820,9100,2508
198,WI-2008,2508264,2527160,3016054,1534422,1286662,1292120,1516330,729808,276910,212444,164574,52922,140982,104714,79062,23050,42138,34264,28892,9136,21548,17634,14206,4218,95108,93618,44970,14296,47238,46662,21304,6222,1620,1808,1110,314,896,980,522,168,98340,37518,19298,5684,49186,17830,9494,2692
199,WI-2009,2492972,2518368,3014398,1581484,1278858,1286230,1514816,755348,278072,216746,167590,55318,141786,106986,80618,24208,42516,34852,29546,9628,21714,18042,14616,4454,96594,96592,47284,15468,48014,47996,22458,6692,1644,1902,1224,328,904,1042,550,172,103918,39838,19990,6116,51794,19016,9792,2902
200,WY-2006,258664,255680,298638,139606,133956,132772,151856,68822,3218,3390,1960,622,1716,2196,1160,334,10376,7598,5970,1930,5404,3956,2946,934,1838,3160,1970,698,940,1510,740,218,334,358,204,60,174,212,84,24,7990,3954,2816,1020,4114,1932,1346,536
201,WY-2007,263662,264778,298636,146396,136880,137930,152096,72348,3336,3590,2180,648,1768,2428,1296,346,10878,7826,6168,2012,5462,4022,3074,954,1926,3218,1974,834,932,1424,722,274,316,374,234,60,136,232,98,26,8596,4318,2830,1166,4448,2172,1326,642
202,WY-2008,269192,271698,299498,152558,139428,141920,152470,75868,3370,3476,2162,690,1808,2244,1296,382,11198,8028,6276,2200,5600,4200,3116,1060,1982,3348,2212,830,956,1512,862,254,330,366,240,64,176,202,106,26,9124,4536,2996,1204,4646,2292,1422,642
203,WY-2009,275894,280956,301036,158312,142464,147616,153548,79036,3588,4020,2334,706,1928,2678,1424,388,11194,8446,6380,2326,5642,4450,3188,1116,2212,3526,2464,844,1082,1674,914,304,320,364,250,66,160,212,122,28,9702,4930,3052,1286,4962,2442,1404,690
